Metric,Mean,Median,Standard Deviation
closeness,0.00276227968744136,0.0004581852278755516,0.006124912851764211
clustering,0.0005088043112753127,0.001153926119110249,0.0037639520814890977
degree,0.038843868863224884,0.16692077919003623,0.4338539098260088
