Metric,Mean,Median,Standard Deviation
closeness,1.7709870015831453,1.7704924603461154,0.08441987836986063
clustering,0.5683159890338721,0.5656082447177402,0.023440773545698592
degree,66.10347950413903,65.83890515381896,2.5709093646715537
