Metric,Mean,Median,Standard Deviation
closeness,1.7497817059179104,1.7415591383109776,0.08835291655635963
clustering,0.5756446028826722,0.5753380853001949,0.020155600494225004
degree,66.97773628206886,66.85770128387524,2.208226761242668
