Metric,Mean,Median,Standard Deviation
closeness,1.7596805029253617,1.7609857087861154,0.07319889889032952
clustering,0.571517827939072,0.5684199522692087,0.020745451375904795
degree,66.5020734375106,66.16471574481191,2.3180727976615776
