Metric,Mean,Median,Standard Deviation
closeness,1.7298319022895603,1.7237958746335331,0.0638857985668211
clustering,0.5817605190419296,0.5818743127959074,0.017469773554479873
degree,67.6866176281257,67.61444800447393,1.9173172251790065
