Metric,Mean,Median,Standard Deviation
closeness,0.0249210520942591,0.029929187421595227,0.0192096284044493
clustering,0.00687043032960144,0.008639975993541382,0.0033052058817312005
degree,0.7736676914660734,0.8665531492395218,0.3596941448972719
