Metric,Mean,Median,Standard Deviation
closeness,0.03920707982422211,0.04427609054566273,2.7671292399111813e-06
clustering,0.012351557759149312,0.012762062289978338,0.0007715721659403013
degree,1.3994609398335882,1.3394661092065547,0.14908093979936066
