Metric,Mean,Median,Standard Deviation
closeness,0.00989879700745111,0.01942657047513774,0.015154017666030098
clustering,0.004126774943600142,0.006918133030986207,0.0005898508816797009
degree,0.4756628445582578,0.6929855390633293,0.10984603641890978
