Metric,Mean,Median,Standard Deviation
closeness,1.7692188752192468,1.7653860696007848,0.09848921085167339
clustering,0.5695625357754966,0.5696799499600289,0.028816447068684553
degree,66.23711738703652,66.2787920351437,3.191808832187322
