Metric,Mean,Median,Standard Deviation
closeness,1.7737492812705866,1.770950645573991,0.07829496551809641
clustering,0.5678071847225968,0.5667621708368504,0.019676821464209432
degree,66.0646356352758,66.00582593300899,2.137055454845545
