Metric,Mean,Median,Standard Deviation
closeness,1.7547529543838194,1.7537250620551283,0.08309542697127048
clustering,0.5748900887123282,0.573234336802366,0.020774979436211097
degree,66.91294993665963,66.7478948552344,2.2770113700762784
