Metric,Mean,Median,Standard Deviation
closeness,1.7300117953950247,1.7211099790551219,0.0984919779809132
clustering,0.581914093534646,0.5824420122500072,0.028044874902744297
degree,67.63657832687011,67.61825814435025,3.0427278923879615
